consumo (m3);mes;id_comuna
49729.96;1;188
52673.91;2;188
44936.96;3;188
44214.03;4;188
37666.97;5;188
38163.96;6;188
40871.29;7;188
38784.97;8;188
36728.08;9;188
39487.95;10;188
42835.01;11;188
42488.32;12;188
27103.0;1;109
29762.0;2;109
27625.99;3;109
27905.99;4;109
23016.99;5;109
22390.01;6;109
21317.01;7;109
21814.01;8;109
22280.0;9;109
23780.0;10;109
25981.99;11;109
27563.0;12;109
43332.0;1;222
43641.0;2;222
42970.0;3;222
39357.0;4;222
37639.0;5;222
36030.0;6;222
37545.0;7;222
38950.0;8;222
37454.0;9;222
38839.0;10;222
42125.0;11;222
43938.0;12;222
28919.0;1;228
26472.0;2;228
25677.0;3;228
25648.0;4;228
23020.0;5;228
23531.0;6;228
20041.0;7;228
20306.0;8;228
21769.0;9;228
24086.0;10;228
23833.0;11;228
25755.0;12;228
26347.03;1;171
27684.02;2;171
26494.03;3;171
24833.020000000004;4;171
26464.0;5;171
24752.01;6;171
24314.01;7;171
24970.01;8;171
23060.99;9;171
24638.47;10;171
25080.98;11;171
26266.98;12;171
412378.85;1;12
439306.35;2;12
411003.48;3;12
393400.97;4;12
347732.92000000004;5;12
295523.23000000004;6;12
273724.24;7;12
262145.65;8;12
270295.63000000006;9;12
307132.01;10;12
353808.75;11;12
391928.31;12;12
89059.0;1;60
92599.0;2;60
88110.0;3;60
85401.0;4;60
81570.0;5;60
76136.63;6;60
74458.0;7;60
73598.0;8;60
73162.3;9;60
81214.0;10;60
85280.0;11;60
91302.01;12;60
416080.15;1;50
399601.51;2;50
387467.87000000005;3;50
384018.69;4;50
363522.44;5;50
350885.8;6;50
337748.60000000003;7;50
331657.44000000006;8;50
352948.76000000007;9;50
361094.82;10;50
378800.72;11;50
396397.39;12;50
59625.0;1;57
58472.0;2;57
55999.0;3;57
47741.0;4;57
49577.0;5;57
47902.0;6;57
47853.0;7;57
45628.0;8;57
46321.0;9;57
46269.0;10;57
48940.0;11;57
51615.0;12;57
14789.0;1;103
15307.0;2;103
14533.0;3;103
13724.0;4;103
13204.0;5;103
12096.0;6;103
12582.0;7;103
12025.0;8;103
12239.0;9;103
13342.0;10;103
14762.0;11;103
15492.0;12;103
28989.0;1;198
34639.0;2;198
31278.0;3;198
25327.0;4;198
28159.0;5;198
26477.0;6;198
26015.0;7;198
27233.0;8;198
21698.0;9;198
26732.0;10;198
26474.0;11;198
30471.0;12;198
1031976.84;1;78
1076103.76;2;78
1062941.31;3;78
909557.53;4;78
873859.63;5;78
867228.1200000001;6;78
832839.6700000002;7;78
824315.3;8;78
855463.79;9;78
892094.3299999998;10;78
919100.18;11;78
943113.97;12;78
47825.0;1;133
44873.0;2;133
50970.0;3;133
46119.0;4;133
38843.0;5;133
36742.09;6;133
38763.0;7;133
36380.43;8;133
35816.880000000005;9;133
44664.0;10;133
45364.0;11;133
48862.01;12;133
35637.0;1;134
40550.0;2;134
37719.0;3;134
33292.0;4;134
33510.0;5;134
31805.0;6;134
31762.0;7;134
29172.0;8;134
29054.0;9;134
33032.0;10;134
35402.0;11;134
34832.0;12;134
88868.21;1;182
90422.01;2;182
90728.89;3;182
86976.19;4;182
85509.38;5;182
82071.22;6;182
81792.18;7;182
81258.70999999999;8;182
78426.45000000001;9;182
88525.13;10;182
87233.34;11;182
92568.48;12;182
1176909.69;1;206
1185929.2899999998;2;206
1204708.63;3;206
1098080.5399999998;4;206
1011301.31;5;206
993561.5100000002;6;206
999719.94;7;206
981453.7100000002;8;206
993312.48;9;206
1032567.49;10;206
1053184.33;11;206
1093451.4;12;206
46480.38;1;42
46115.97;2;42
41679.76;3;42
39945.48;4;42
40026.15;5;42
37018.46;6;42
42368.75;7;42
33229.15;8;42
36900.22;9;42
44688.62;10;42
40712.62;11;42
45074.03;12;42
460327.0;1;219
448075.0;2;219
446938.0;3;219
426267.0;4;219
420404.0;5;219
422220.0;6;219
426471.0;7;219
404266.0;8;219
401067.0;9;219
391072.0;10;219
392646.0;11;219
407694.0;12;219
43620.99;1;140
50071.0;2;140
45323.23;3;140
40954.99;4;140
43553.98;5;140
38912.02;6;140
38825.99;7;140
35696.0;8;140
37688.0;9;140
44676.0;10;140
39708.02;11;140
45491.01;12;140
421583.4000000001;1;147
421458.54;2;147
422157.19000000006;3;147
429335.29;4;147
399831.5;5;147
395855.2200000001;6;147
381264.25;7;147
371852.9;8;147
387795.4700000001;9;147
394479.44;10;147
430730.28;11;147
437247.5800000001;12;147
161887.55000000002;1;163
165815.12;2;163
153940.88;3;163
150077.03;4;163
140093.11000000002;5;163
136585.68;6;163
132715.99;7;163
128514.69;8;163
129740.69;9;163
144265.9;10;163
147981.81;11;163
158685.06;12;163
33154.0;1;54
32015.0;2;54
32377.0;3;54
28023.0;4;54
28412.0;5;54
27643.0;6;54
28023.0;7;54
24701.0;8;54
26254.0;9;54
26998.0;10;54
29476.0;11;54
28073.0;12;54
30292.0;1;227
27707.0;2;227
27543.0;3;227
24334.0;4;227
22361.0;5;227
22059.0;6;227
20690.0;7;227
21523.0;8;227
21521.0;9;227
23126.0;10;227
21869.0;11;227
24968.0;12;227
11424.0;1;79
10362.0;2;79
10536.0;3;79
10626.0;4;79
9631.0;5;79
8612.0;6;79
9589.0;7;79
8856.0;8;79
8528.0;9;79
10337.0;10;79
10048.0;11;79
11598.0;12;79
43336.95;1;226
45481.63;2;226
47170.09;3;226
36883.630000000005;4;226
35494.61;5;226
34405.17;6;226
34751.82;7;226
35759.44;8;226
32094.57;9;226
33971.0;10;226
36552.08;11;226
35230.66;12;226
142878.96;1;115
142860.88999999998;2;115
138889.21;3;115
131807.12;4;115
125679.15;5;115
118592.24;6;115
116330.07999999996;7;115
108231.91;8;115
114497.74;9;115
128146.67;10;115
134909.77;11;115
144464.91;12;115
77029.89;1;1
71218.96;2;1
76725.79000000001;3;1
68238.6;4;1
62652.68000000001;5;1
60592.96000000001;6;1
54752.47;7;1
56560.890000000014;8;1
57549.06000000001;9;1
64335.23000000001;10;1
78478.22999999998;11;1
74131.8;12;1
71973.44;1;118
71441.07;2;118
72142.32;3;118
67183.1;4;118
62260.91;5;118
61296.13;6;118
59921.36;7;118
55527.72;8;118
60826.99;9;118
64758.350000000006;10;118
64054.05;11;118
70782.23000000001;12;118
123564.0;1;37
122702.0;2;37
121688.0;3;37
105935.0;4;37
100509.0;5;37
100384.0;6;37
96233.0;7;37
95773.0;8;37
101762.0;9;37
98098.0;10;37
101051.0;11;37
109522.0;12;37
141013.33000000002;1;121
179681.63;2;121
190244.6;3;121
136201.05;4;121
113544.01;5;121
97666.11;6;121
89024.51;7;121
96338.91;8;121
98161.54;9;121
98924.98;10;121
107782.98;11;121
114140.25;12;121
706299.0;1;185
671545.0;2;185
672829.0;3;185
624759.0;4;185
629359.0;5;185
621721.0;6;185
633991.0;7;185
581944.0;8;185
612559.0;9;185
629613.0;10;185
645462.0;11;185
658480.0;12;185
218840.01000000004;1;150
208529.13;2;150
213189.13;3;150
200359.83;4;150
184662.9;5;150
176283.79;6;150
164034.01;7;150
165506.72;8;150
177482.21;9;150
173312.33000000002;10;150
200603.84;11;150
204668.85;12;150
38036.0;1;73
41357.0;2;73
41610.0;3;73
36956.0;4;73
37015.0;5;73
38071.0;6;73
36983.0;7;73
36845.0;8;73
36773.0;9;73
38060.0;10;73
39930.0;11;73
41107.0;12;73
9165.0;1;223
13095.83;2;223
12744.42;3;223
9018.91;4;223
11379.11;5;223
8615.91;6;223
9696.33;7;223
8631.38;8;223
9097.09;9;223
9657.03;10;223
9406.75;11;223
9810.24;12;223
67089.0;1;0
64543.0;2;0
64637.01;3;0
61562.0;4;0
57691.99;5;0
52388.0;6;0
50356.0;7;0
51211.0;8;0
49988.0;9;0
55405.0;10;0
59368.0;11;0
66400.0;12;0
698036.3999999999;1;82
728414.8400000001;2;82
689209.42;3;82
682674.6699999999;4;82
626466.52;5;82
581043.81;6;82
565896.5399999999;7;82
544952.14;8;82
560885.9299999999;9;82
616551.31;10;82
661405.02;11;82
708991.1300000001;12;82
54888.0;1;158
48834.0;2;158
52592.0;3;158
47253.0;4;158
46415.0;5;158
44993.0;6;158
43833.0;7;158
44666.0;8;158
46270.0;9;158
47215.0;10;158
47831.0;11;158
49223.0;12;158
47875.0;1;151
46684.0;2;151
46995.0;3;151
46105.0;4;151
45183.87;5;151
41882.01;6;151
39481.0;7;151
36874.01;8;151
40215.0;9;151
43361.0;10;151
46287.0;11;151
49105.00000000001;12;151
402352.38;1;152
371970.6;2;152
360081.22000000003;3;152
353513.03999999986;4;152
323237.78;5;152
300034.22000000003;6;152
290944.4300000001;7;152
275440.21;8;152
297352.91000000003;9;152
315611.70000000007;10;152
339711.83;11;152
363971.78;12;152
41618.03;1;186
40352.17;2;186
39993.12;3;186
40375.83;4;186
41148.0;5;186
35363.78;6;186
33990.07;7;186
31058.44;8;186
33166.0;9;186
37214.66;10;186
40606.94;11;186
42289.18;12;186
70647.0;1;138
70925.0;2;138
64753.0;3;138
57346.0;4;138
58081.0;5;138
56046.0;6;138
55505.0;7;138
56738.0;8;138
54154.0;9;138
58570.0;10;138
61842.0;11;138
63732.0;12;138
214174.23;1;90
198713.53;2;90
202320.61;3;90
189274.62;4;90
185012.66;5;90
191197.59;6;90
191737.36000000004;7;90
179522.57;8;90
183173.86;9;90
183395.69;10;90
186726.97;11;90
190615.59000000003;12;90
81796.0;1;23
73371.98;2;23
77853.99;3;23
69495.98999999999;4;23
61203.98;5;23
57500.98;6;23
57843.0;7;23
54587.99;8;23
51769.99;9;23
60923.0;10;23
65683.98;11;23
76393.0;12;23
914171.0;1;187
884319.0;2;187
891966.0;3;187
827209.0;4;187
850259.0;5;187
836168.0;6;187
826485.0;7;187
823702.0;8;187
831728.0;9;187
841980.0;10;187
854182.0;11;187
867310.0;12;187
1558232.2000000002;1;102
1476781.8;2;102
1422712.65;3;102
1452787.61;4;102
1372981.0700000003;5;102
1333096.2000000004;6;102
1269720.1900000002;7;102
1267948.5299999998;8;102
1292020.4999999998;9;102
1345403.99;10;102
1401888.09;11;102
1499060.75;12;102
707755.0599999999;1;105
673841.19;2;105
661452.64;3;105
653395.07;4;105
652857.48;5;105
602743.6699999999;6;105
620815.9000000001;7;105
602406.8400000001;8;105
618216.3900000001;9;105
638428.1299999999;10;105
619550.6599999999;11;105
706479.79;12;105
24624.0;1;225
22099.0;2;225
23429.0;3;225
21263.0;4;225
21490.0;5;225
19007.0;6;225
19119.0;7;225
17576.0;8;225
18111.0;9;225
21642.0;10;225
17344.0;11;225
21917.0;12;225
1676323.44;1;63
1661463.14;2;63
1653400.87;3;63
1571530.1599999997;4;63
1468374.24;5;63
1416189.9899999998;6;63
1406277.41;7;63
1371014.9300000002;8;63
1396723.61;9;63
1440227.4;10;63
1539725.2800000005;11;63
1570054.2100000002;12;63
623763.9500000002;1;217
588468.86;2;217
607874.02;3;217
573769.05;4;217
519761.85;5;217
510157.1700000001;6;217
502566.3900000001;7;217
490859.2200000001;8;217
498381.18000000005;9;217
541651.51;10;217
582085.9299999999;11;217
609104.47;12;217
41467.8;1;55
42707.84;2;55
36457.100000000006;3;55
41027.02;4;55
38157.48;5;55
35718.32;6;55
33293.56;7;55
32214.77;8;55
34178.14;9;55
34833.7;10;55
35507.52;11;55
39098.44;12;55
23828.4;1;70
30337.4;2;70
23512.8;3;70
21264.6;4;70
21975.0;5;70
22045.4;6;70
25437.2;7;70
20776.2;8;70
19121.2;9;70
21204.8;10;70
20427.0;11;70
21714.33;12;70
77293.0;1;33
75268.0;2;33
70703.0;3;33
72427.0;4;33
62862.0;5;33
60672.0;6;33
55258.0;7;33
52599.0;8;33
54243.0;9;33
61591.0;10;33
62769.0;11;33
66203.0;12;33
29701.68;1;195
33827.68000000001;2;195
29316.74;3;195
29679.73;4;195
27445.38;5;195
25354.43;6;195
22747.82;7;195
14122.169999999998;8;195
21201.660000000003;9;195
22053.710000000003;10;195
25636.34;11;195
29603.88;12;195
63135.51;1;58
57025.47;2;58
57642.47;3;58
54963.08;4;58
50793.79;5;58
46979.0;6;58
42685.91;7;58
45324.92;8;58
42774.1;9;58
50792.87;10;58
47075.7;11;58
51587.68;12;58
44365.0;1;135
41697.0;2;135
41058.0;3;135
42329.0;4;135
37964.0;5;135
38196.0;6;135
39913.0;7;135
34628.0;8;135
36842.0;9;135
40637.0;10;135
37392.0;11;135
39651.0;12;135
115931.0;1;69
115955.0;2;69
111552.0;3;69
101324.0;4;69
90765.0;5;69
100134.0;6;69
91568.0;7;69
85806.0;8;69
89966.0;9;69
92783.0;10;69
89766.0;11;69
99893.0;12;69
372240.2199999999;1;110
367414.8300000001;2;110
371100.42;3;110
327209.65;4;110
311165.68000000005;5;110
272766.24999999994;6;110
272553.55;7;110
265425.62000000005;8;110
257656.62;9;110
282728.21;10;110
344176.62;11;110
338183.61;12;110
56855.97;1;9
54232.95;2;9
52517.380000000005;3;9
54444.16;4;9
48675.09;5;9
59191.78;6;9
51155.990000000005;7;9
50581.03;8;9
48298.05;9;9
50840.05;10;9
53264.04;11;9
53261.670000000006;12;9
253934.0;1;126
243607.0;2;126
239907.0;3;126
215229.0;4;126
220499.0;5;126
207260.0;6;126
207177.0;7;126
199237.0;8;126
210847.0;9;126
224670.0;10;126
229420.0;11;126
239313.0;12;126
172850.4;1;65
219469.60000000003;2;65
202108.16000000003;3;65
160931.25;4;65
127180.5;5;65
88941.99;6;65
77641.46;7;65
68661.98000000001;8;65
65037.73;9;65
89282.45999999999;10;65
111421.77;11;65
136568.52000000002;12;65
105808.01;1;119
150523.71999999997;2;119
147764.05;3;119
91317.41999999998;4;119
77909.62;5;119
63964.88999999999;6;119
58608.92999999999;7;119
70359.41;8;119
65709.01000000001;9;119
67103.63999999998;10;119
73584.61;11;119
82944.31;12;119
17307.34;1;24
16788.21;2;24
17990.38;3;24
16055.05;4;24
15266.88;5;24
13881.06;6;24
15720.35;7;24
14327.28;8;24
15400.99;9;24
15995.2;10;24
16194.08;11;24
17545.519999999997;12;24
750376.86;1;44
736067.24;2;44
672980.71;3;44
694254.0000000001;4;44
668294.77;5;44
639014.4199999999;6;44
625393.7699999999;7;44
613134.5;8;44
626748.54;9;44
646278.89;10;44
649569.74;11;44
668275.06;12;44
13359.0;1;56
14423.0;2;56
14096.0;3;56
12027.0;4;56
11676.0;5;56
12750.0;6;56
11675.0;7;56
11098.0;8;56
13025.0;9;56
12843.0;10;56
12655.0;11;56
13857.0;12;56
119564.0;1;207
145777.0;2;207
133882.0;3;207
76323.0;4;207
73414.0;5;207
68652.0;6;207
81986.0;7;207
78982.0;8;207
67786.0;9;207
73276.0;10;207
80665.0;11;207
83489.0;12;207
102860.0;1;94
90256.0;2;94
98892.0;3;94
93100.0;4;94
92132.0;5;94
88981.0;6;94
89691.0;7;94
89932.0;8;94
90627.0;9;94
88268.0;10;94
92331.0;11;94
97346.0;12;94
194035.18;1;59
193342.03000000003;2;59
202080.25000000003;3;59
191924.32;4;59
179721.34;5;59
175766.85;6;59
172926.24000000002;7;59
173736.41;8;59
167915.08999999997;9;59
184037.39;10;59
190416.20000000004;11;59
205604.33;12;59
956020.0;1;201
917646.0;2;201
927640.0;3;201
864286.0;4;201
883832.0;5;201
878347.0;6;201
864084.0;7;201
844198.0;8;201
854434.0;9;201
859217.0;10;201
871638.0;11;201
893156.0;12;201
40041.0;1;74
40204.0;2;74
40570.0;3;74
37264.0;4;74
33674.0;5;74
31546.0;6;74
37341.0;7;74
32725.0;8;74
34782.0;9;74
37626.0;10;74
34067.0;11;74
35822.0;12;74
102496.34999999998;1;157
98567.55;2;157
93348.89;3;157
93236.97;4;157
88941.07000000002;5;157
85970.98;6;157
83192.17000000001;7;157
78883.38;8;157
83656.25;9;157
88623.94;10;157
94581.81;11;157
99556.78;12;157
13606.01;1;203
18009.0;2;203
16972.0;3;203
11299.0;4;203
9680.0;5;203
9297.0;6;203
7762.0;7;203
8695.0;8;203
7841.0;9;203
10305.01;10;203
11699.01;11;203
10138.0;12;203
147500.14000000004;1;224
155661.02;2;224
155752.87000000002;3;224
136384.30000000002;4;224
134673.62000000002;5;224
136832.17000000004;6;224
134544.2;7;224
134193.36;8;224
125934.89999999998;9;224
134981.80000000005;10;224
131068.62;11;224
144393.6799999999;12;224
56210.26;1;20
55676.92;2;20
51175.98;3;20
52252.82;4;20
42826.86;5;20
42849.7;6;20
38749.72;7;20
38727.64;8;20
38304.16;9;20
48066.380000000005;10;20
48629.65000000001;11;20
54657.670000000006;12;20
69437.96;1;68
102858.87;2;68
108994.57;3;68
69667.78000000001;4;68
53562.83;5;68
41366.39000000001;6;68
36659.42;7;68
43373.57000000001;8;68
37863.43;9;68
48956.94;10;68
56229.8;11;68
60956.89;12;68
111217.22;1;173
101087.14;2;173
97782.46;3;173
99694.05;4;173
84134.43;5;173
85398.22;6;173
82388.76000000001;7;173
82507.20000000001;8;173
80513.31999999999;9;173
94166.25;10;173
102283.48;11;173
106448.11;12;173
28227.0;1;164
29848.0;2;164
24011.0;3;164
22070.0;4;164
22162.0;5;164
19955.0;6;164
18877.0;7;164
21493.0;8;164
20786.0;9;164
21099.0;10;164
23549.0;11;164
24903.0;12;164
111720.09;1;231
106277.00999999998;2;231
109115.86;3;231
100798.72;4;231
91772.84;5;231
95671.92;6;231
87476.51999999999;7;231
85627.15000000001;8;231
92248.47;9;231
91624.07;10;231
101362.91000000002;11;231
110950.02;12;231
631166.0;1;127
582971.0;2;127
579764.0;3;127
554380.0;4;127
580612.0;5;127
570746.0;6;127
578341.0;7;127
572447.0;8;127
571061.0;9;127
567131.0;10;127
565032.0;11;127
593084.0;12;127
62881.0;1;108
62844.0;2;108
59829.0;3;108
54174.0;4;108
53587.0;5;108
55558.0;6;108
51044.0;7;108
48478.0;8;108
51100.0;9;108
51328.0;10;108
54292.0;11;108
56367.0;12;108
1162921.2599999998;1;18
1176805.7000000002;2;18
1120583.12;3;18
1124948.9;4;18
1032455.81;5;18
961900.21;6;18
931825.22;7;18
885395.99;8;18
907418.2300000002;9;18
1015542.12;10;18
1083363.4900000002;11;18
1179316.19;12;18
54687.13999999999;1;29
58156.75;2;29
51222.78;3;29
52289.69;4;29
48890.630000000005;5;29
49303.75;6;29
49179.34999999999;7;29
49876.7;8;29
47973.82;9;29
49094.98;10;29
51056.77;11;29
53480.97;12;29
484528.11;1;25
469790.32;2;25
448114.7;3;25
462408.59;4;25
439510.63000000006;5;25
426166.4000000001;6;25
406326.81;7;25
380258.53;8;25
399352.4800000001;9;25
408436.2900000001;10;25
419432.13;11;25
464484.5;12;25
15418.0;1;49
15105.0;2;49
13789.0;3;49
13947.0;4;49
11775.0;5;49
11866.0;6;49
12015.0;7;49
11532.0;8;49
13066.0;9;49
10923.0;10;49
11939.0;11;49
14927.0;12;49
17212.0;1;160
17060.0;2;160
16695.0;3;160
13747.0;4;160
13728.0;5;160
13827.0;6;160
13027.0;7;160
13467.0;8;160
14613.0;9;160
13379.0;10;160
14271.0;11;160
16720.0;12;160
120648.04;1;208
128941.78;2;208
123400.15;3;208
122188.09;4;208
117091.81;5;208
115628.89;6;208
116076.97;7;208
99259.23;8;208
100045.69;9;208
113267.89;10;208
113849.94;11;208
119339.99;12;208
46025.0;1;51
47360.0;2;51
40234.0;3;51
36879.0;4;51
38178.0;5;51
35907.0;6;51
34361.0;7;51
34528.0;8;51
32841.0;9;51
36265.0;10;51
38735.0;11;51
38598.0;12;51
54298.0;1;13
53403.0;2;13
51931.0;3;13
43042.0;4;13
45541.0;5;13
43330.0;6;13
42840.0;7;13
42515.0;8;13
42230.0;9;13
44230.0;10;13
45591.0;11;13
47777.0;12;13
74356.8;1;218
71921.72000000002;2;218
73948.56;3;218
76033.8;4;218
76829.28000000001;5;218
68766.31;6;218
68102.27;7;218
61034.39000000001;8;218
71411.92;9;218
66257.75000000001;10;218
75967.14;11;218
74642.29999999999;12;218
19660.0;1;113
18773.0;2;113
18265.0;3;113
16455.0;4;113
16202.0;5;113
15212.15;6;113
13536.0;7;113
13415.0;8;113
13737.0;9;113
16816.0;10;113
15584.0;11;113
19122.0;12;113
165297.03999999998;1;215
171017.0;2;215
165205.02000000002;3;215
166004.0;4;215
154946.0;5;215
144808.0;6;215
141909.0;7;215
137582.01;8;215
139486.47;9;215
153761.0;10;215
160221.01;11;215
167595.01;12;215
167464.49;1;72
227104.96;2;72
215837.53000000003;3;72
139614.87;4;72
116615.09;5;72
94868.63;6;72
94534.48;7;72
98340.16;8;72
90717.47;9;72
102034.84;10;72
120000.79;11;72
127130.22;12;72
117713.96;1;155
120394.99;2;155
120025.02;3;155
109841.0;4;155
107068.03;5;155
97219.0;6;155
90084.09;7;155
93056.05;8;155
97913.02000000002;9;155
102346.97;10;155
94826.44;11;155
111676.88;12;155
90386.1;1;83
89742.38;2;83
89359.4;3;83
82920.87;4;83
76845.05;5;83
71580.65;6;83
71067.07;7;83
68910.64;8;83
68177.52;9;83
81227.87;10;83
83406.06;11;83
95368.35;12;83
75451.0;1;177
75277.0;2;177
68797.0;3;177
61057.0;4;177
59453.0;5;177
55934.0;6;177
55626.0;7;177
56837.0;8;177
55567.0;9;177
58077.0;10;177
62514.0;11;177
69687.0;12;177
467500.38;1;167
432598.78;2;167
424539.0;3;167
403549.0500000001;4;167
401191.76;5;167
362395.81;6;167
372841.2;7;167
323859.03;8;167
372928.33;9;167
381796.43000000005;10;167
386121.9599999999;11;167
434301.33;12;167
15542.0;1;75
15452.0;2;75
14073.0;3;75
14388.0;4;75
11542.0;5;75
12044.0;6;75
11452.0;7;75
10429.0;8;75
13469.0;9;75
11527.0;10;75
11724.0;11;75
15872.0;12;75
50438.98;1;30
48207.98;2;30
45749.43;3;30
46056.92999999999;4;30
43003.3;5;30
41313.98;6;30
39338.8;7;30
35791.99;8;30
38399.98;9;30
42690.88;10;30
43392.98;11;30
45138.75;12;30
32718.01;1;120
31229.99;2;120
32526.0;3;120
30424.99;4;120
26358.0;5;120
24641.99;6;120
25293.99;7;120
24951.0;8;120
24487.01;9;120
30044.0;10;120
29886.01;11;120
33971.990000000005;12;120
30868.0;1;139
30592.0;2;139
29676.0;3;139
27455.01;4;139
25398.0;5;139
23776.01;6;139
22593.0;7;139
23233.0;8;139
22027.01;9;139
28109.0;10;139
28311.0;11;139
31444.01;12;139
150229.79;1;101
142371.79;2;101
133087.78999999998;3;101
135225.5;4;101
126576.86;5;101
122577.18;6;101
123932.13000000002;7;101
116867.1;8;101
123204.35;9;101
135378.98;10;101
137484.22999999998;11;101
146353.34999999998;12;101
48667.0;1;5
55745.0;2;5
52230.0;3;5
50950.0;4;5
47301.0;5;5
41792.35;6;5
40956.0;7;5
40520.0;8;5
42748.01;9;5
43468.0;10;5
47566.0;11;5
49575.0;12;5
80182.95;1;189
80459.97;2;189
79653.97;3;189
67659.98;4;189
68000.98;5;189
65345.98000000001;6;189
64037.97;7;189
64982.97;8;189
59872.95;9;189
66577.98000000001;10;189
69838.98;11;189
69824.92;12;189
185286.0;1;45
170801.0;2;45
176052.0;3;45
164728.0;4;45
153660.0;5;45
158323.0;6;45
155279.0;7;45
150012.0;8;45
153961.0;9;45
160805.0;10;45
153189.0;11;45
160924.0;12;45
408335.3300000001;1;196
387013.4800000001;2;196
372142.0999999999;3;196
365823.72;4;196
338688.0800000001;5;196
316464.4000000001;6;196
303156.05999999994;7;196
295728.09;8;196
307137.4;9;196
324872.14;10;196
354416.91000000003;11;196
364856.71;12;196
104395.96;1;142
110220.28;2;142
106570.45;3;142
103804.04;4;142
100408.89;5;142
94384.61;6;142
91235.36;7;142
90109.32;8;142
93285.22;9;142
97475.36000000002;10;142
95468.71;11;142
99363.96;12;142
26082.0;1;26
29700.0;2;26
28346.0;3;26
26185.0;4;26
24833.0;5;26
23545.0;6;26
22920.0;7;26
22015.0;8;26
22181.0;9;26
24473.0;10;26
25665.0;11;26
24793.0;12;26
259157.55;1;159
263045.11;2;159
258532.29000000004;3;159
234271.17;4;159
233436.85;5;159
203551.24;6;159
217992.49;7;159
200572.09;8;159
211323.6;9;159
222158.98;10;159
227825.32;11;159
236999.08;12;159
12377.0;1;41
14768.79;2;41
13381.99;3;41
12304.0;4;41
11067.99;5;41
10937.99;6;41
9993.01;7;41
9635.01;8;41
10004.0;9;41
12013.99;10;41
12978.01;11;41
13094.0;12;41
24277.0;1;209
27542.0;2;209
27773.4;3;209
26787.96;4;209
23311.97;5;209
22147.09;6;209
19952.92;7;209
6394.080000000002;8;209
21266.04;9;209
22001.1;10;209
17640.98;11;209
22967.1;12;209
1188143.05;1;172
1162823.01;2;172
1133472.42;3;172
1136836.5799999998;4;172
1193194.48;5;172
1085451.64;6;172
1126215.6;7;172
1006907.61;8;172
1117751.09;9;172
1144088.66;10;172
1118651.5000000002;11;172
1269677.0799999998;12;172
733964.0;1;220
642697.0;2;220
692781.0;3;220
691889.0;4;220
700951.0;5;220
680779.0;6;220
683947.0;7;220
702795.0;8;220
692305.0;9;220
691241.0;10;220
715553.0;11;220
712869.0;12;220
11780.0;1;153
13379.0;2;153
11225.0;3;153
8691.0;4;153
8564.0;5;153
10110.0;6;153
8488.0;7;153
8495.0;8;153
8929.0;9;153
9477.0;10;153
10091.0;11;153
10602.0;12;153
175023.13;1;28
171983.34;2;28
164722.68000000002;3;28
168568.49;4;28
150645.74;5;28
142169.69;6;28
131217.25;7;28
129444.45;8;28
135045.71;9;28
152583.35;10;28
162406.85000000003;11;28
177201.40000000002;12;28
789987.4999999999;1;16
759651.4999999999;2;16
730613.8300000002;3;16
724376.9500000001;4;16
691845.3599999999;5;16
643950.5099999999;6;16
636113.03;7;16
631205.9699999999;8;16
634446.6899999998;9;16
671529.9500000001;10;16
697122.7400000001;11;16
730018.54;12;16
3939.02;1;131
4239.02;2;131
4540.040000000001;3;131
3586.03;4;131
3342.02;5;131
3432.01;6;131
3459.0;7;131
3037.02;8;131
3102.03;9;131
3665.6;10;131
3157.04;11;131
3331.02;12;131
82891.8;1;17
83993.98;2;17
82516.6;3;17
79532.0;4;17
78301.02;5;17
75479.0;6;17
74770.01000000001;7;17
70732.00000000001;8;17
74291.03;9;17
77712.02;10;17
76705.0;11;17
80811.51;12;17
13891.0;1;221
13026.0;2;221
12471.0;3;221
11748.0;4;221
11271.0;5;221
10453.0;6;221
10091.0;7;221
9720.0;8;221
9629.0;9;221
11388.0;10;221
11513.0;11;221
12443.0;12;221
49562.02;1;125
47681.0;2;125
45482.98;3;125
43537.93;4;125
39824.87;5;125
39930.97;6;125
35208.03;7;125
35514.03;8;125
39609.97;9;125
44883.0;10;125
39381.92;11;125
48017.98;12;125
298315.28;1;21
307996.43;2;21
304536.71;3;21
288056.6;4;21
272252.22;5;21
235992.08;6;21
230239.3;7;21
223563.48;8;21
229417.18;9;21
255689.35000000003;10;21
280337.15;11;21
300495.27;12;21
248331.0;1;10
237946.0;2;10
226260.0;3;10
191983.0;4;10
191576.0;5;10
178975.0;6;10
176527.0;7;10
169799.0;8;10
176660.0;9;10
184550.0;10;10
197074.0;11;10
222678.0;12;10
65591.38;1;143
69509.46;2;143
66367.54000000001;3;143
59874.71;4;143
57395.89;5;143
55898.98;6;143
57152.740000000005;7;143
57153.62;8;143
53009.73;9;143
57085.05;10;143
61728.4;11;143
62684.130000000005;12;143
90132.01000000002;1;80
83589.03;2;80
84580.47000000002;3;80
84337.82999999999;4;80
77320.38;5;80
74456.08;6;80
72867.12000000001;7;80
71908.54000000001;8;80
75174.55;9;80
76566.3;10;80
82080.64;11;80
85379.15;12;80
21627.0;1;210
21012.0;2;210
21956.0;3;210
20167.0;4;210
19059.0;5;210
18376.0;6;210
17834.0;7;210
17030.239999999998;8;210
16597.56;9;210
19234.15;10;210
19817.0;11;210
22473.0;12;210
155078.96;1;2
157952.93;2;2
156132.82;3;2
155670.06;4;2
157601.05000000002;5;2
140103.7;6;2
139822.52000000002;7;2
132432.53;8;2
139633.88;9;2
153994.68000000002;10;2
148459.25;11;2
148989.55000000002;12;2
70749.26000000001;1;141
66588.57;2;141
64807.14;3;141
61812.25;4;141
56839.19;5;141
54950.9;6;141
48537.43;7;141
49014.99;8;141
50787.37;9;141
56943.67999999999;10;141
58223.46;11;141
64151.94;12;141
56156.0;1;183
54661.07;2;183
55685.86;3;183
48128.93;4;183
47835.23;5;183
48323.07;6;183
46776.9;7;183
46456.89;8;183
44012.0;9;183
49096.92;10;183
49886.92;11;183
47811.9;12;183
424671.3299999999;1;204
401681.1;2;204
401563.07;3;204
384601.9199999999;4;204
367267.63;5;204
358301.87;6;204
345062.55000000005;7;204
335074.17;8;204
349557.12000000005;9;204
364516.68000000005;10;204
372449.7700000001;11;204
385594.04;12;204
438064.54;1;77
410668.44000000006;2;77
404778.48;3;77
392791.4600000001;4;77
367085.88;5;77
353467.41;6;77
356096.25999999995;7;77
345751.04000000004;8;77
355185.21;9;77
363132.63;10;77
383618.76000000007;11;77
397109.02;12;77
412652.26;1;15
417160.02;2;15
396139.78;3;15
369574.71;4;15
352041.56;5;15
337177.75999999995;6;15
330863.9;7;15
323531.62000000005;8;15
322487.71;9;15
357572.79000000004;10;15
366236.31;11;15
412345.08;12;15
94251.0;1;52
111547.0;2;52
106714.0;3;52
80552.0;4;52
78270.0;5;52
75785.0;6;52
75704.0;7;52
70977.0;8;52
73554.0;9;52
78447.0;10;52
79410.0;11;52
83380.0;12;52
43088.490000000005;1;184
41457.9;2;184
39335.98;3;184
38362.49;4;184
36325.69;5;184
36678.64;6;184
33951.0;7;184
32308.240000000005;8;184
35514.57;9;184
35373.24;10;184
36614.65000000001;11;184
38824.91;12;184
76027.47;1;170
71651.91;2;170
75769.12;3;170
73771.37;4;170
67451.70999999999;5;170
63615.96000000001;6;170
65394.58;7;170
63650.56;8;170
67969.17;9;170
62243.72;10;170
71345.22;11;170
73873.77;12;170
48068.0;1;128
43595.0;2;128
49091.0;3;128
46817.0;4;128
45397.0;5;128
43330.0;6;128
45133.0;7;128
45498.0;8;128
44456.0;9;128
44523.0;10;128
47182.0;11;128
48648.0;12;128
75386.15;1;211
71068.76999999999;2;211
70547.89000000001;3;211
59935.29;4;211
54456.33;5;211
54063.86;6;211
47645.880000000005;7;211
44214.71000000001;8;211
48863.52;9;211
54261.89;10;211
63420.65;11;211
62506.26;12;211
229862.17;1;64
226188.14;2;64
219829.71;3;64
209973.15;4;64
224014.46;5;64
198062.25;6;64
202492.87;7;64
191114.66;8;64
197419.98000000004;9;64
211378.1;10;64
207158.35;11;64
226660.42000000004;12;64
2245753.7;1;230
2164933.46;2;230
2110126.1400000006;3;230
2236965.96;4;230
2245233.2;5;230
2182235.82;6;230
2102403.85;7;230
2086051.58;8;230
2090357.5800000003;9;230
2103230.91;10;230
2143383.72;11;230
2233584.51;12;230
30600.0;1;165
27404.0;2;165
26861.0;3;165
26207.0;4;165
28667.0;5;165
28128.0;6;165
29072.0;7;165
28623.0;8;165
28763.0;9;165
27589.0;10;165
29570.0;11;165
29104.0;12;165
1584222.0;1;122
1411326.0;2;122
1551464.0;3;122
1495609.0;4;122
1498229.0;5;122
1492091.0;6;122
1483097.0;7;122
1534245.0;8;122
1500001.0;9;122
1491042.0;10;122
1536560.0;11;122
1575227.0;12;122
107594.99;1;154
104085.04;2;154
98641.05;3;154
102639.99;4;154
93942.02;5;154
86746.98999999999;6;154
83587.99000000002;7;154
84200.08;8;154
85063.04000000001;9;154
93110.22;10;154
85027.05;11;154
103158.01;12;154
100124.8;1;180
130028.44;2;180
136058.37;3;180
97446.2;4;180
85574.21;5;180
76118.75;6;180
76957.73;7;180
74995.64000000001;8;180
74613.22;9;180
83344.26000000001;10;180
90278.58;11;180
89269.53;12;180
81169.98;1;11
57373.95999999999;2;11
55595.0;3;11
54501.98;4;11
46262.0;5;11
43597.97;6;11
38970.98;7;11
39948.97;8;11
41385.97;9;11
43434.97;10;11
54598.96000000001;11;11
50924.0;12;11
10334.0;1;31
13802.0;2;31
11409.0;3;31
8438.0;4;31
9008.0;5;31
7923.0;6;31
8891.0;7;31
7855.0;8;31
8354.0;9;31
8719.0;10;31
8678.0;11;31
10990.0;12;31
688215.8400000001;1;7
674244.0700000001;2;7
645721.01;3;7
592281.7300000001;4;7
581497.06;5;7
571902.32;6;7
565368.7300000001;7;7
560587.28;8;7
536726.86;9;7
568728.6900000001;10;7
596321.4700000001;11;7
613216.3900000001;12;7
969220.89;1;178
953934.92;2;178
936202.87;3;178
902782.9;4;178
888387.47;5;178
895173.03;6;178
881312.0700000001;7;178
879726.5700000001;8;178
826676.46;9;178
883817.115;10;178
901442.31;11;178
935303.23;12;178
35649.0;1;145
35116.0;2;145
32797.0;3;145
31365.300000000003;4;145
29392.0;5;145
28817.0;6;145
30057.0;7;145
27212.0;8;145
28074.01;9;145
35285.0;10;145
33859.0;11;145
39065.0;12;145
9917.0;1;61
10879.0;2;61
9320.0;3;61
8579.0;4;61
7486.0;5;61
7721.0;6;61
7866.0;7;61
7643.0;8;61
7788.0;9;61
7115.0;10;61
7430.0;11;61
10193.0;12;61
15500.0;1;81
15209.0;2;81
14048.0;3;81
11999.0;4;81
12192.0;5;81
11344.0;6;81
12020.0;7;81
11226.0;8;81
10913.0;9;81
12873.0;10;81
12578.0;11;81
14146.0;12;81
25218.0;1;53
24596.0;2;53
22964.0;3;53
19129.0;4;53
18631.0;5;53
17664.0;6;53
18493.0;7;53
18077.0;8;53
18792.0;9;53
20491.0;10;53
20280.0;11;53
23625.0;12;53
10507.0;1;169
10966.0;2;169
10620.0;3;169
8183.0;4;169
8734.0;5;169
8289.0;6;169
7430.0;7;169
8371.0;8;169
7537.0;9;169
8899.0;10;169
8618.0;11;169
10093.0;12;169
31972.0;1;27
29659.0;2;27
29624.0;3;27
30520.0;4;27
27068.0;5;27
29963.0;6;27
26800.0;7;27
20030.0;8;27
25948.0;9;27
23196.0;10;27
25998.0;11;27
24834.0;12;27
317918.66000000003;1;19
299608.4600000001;2;19
302370.86;3;19
287912.34;4;19
270650.96;5;19
263898.94999999995;6;19
260631.71;7;19
255343.36;8;19
258686.1;9;19
276744.11;10;19
296898.61;11;19
313274.49000000005;12;19
12916.69;1;166
14699.53;2;166
14034.21;3;166
13619.31;4;166
11162.99;5;166
9284.85;6;166
9159.89;7;166
9203.6;8;166
8980.330000000002;9;166
10029.19;10;166
11193.29;11;166
11942.11;12;166
65227.0;1;35
65417.01;2;35
63719.0;3;35
58845.0;4;35
60824.0;5;35
58217.0;6;35
57304.0;7;35
57090.01;8;35
55632.0;9;35
62243.0;10;35
62945.0;11;35
65136.0;12;35
7410.0;1;168
7482.0;2;168
7584.0;3;168
7470.0;4;168
7256.0;5;168
7379.0;6;168
6372.0;7;168
6446.0;8;168
6380.0;9;168
6256.0;10;168
5703.0;11;168
6125.0;12;168
119548.27;1;67
119337.37;2;67
112412.19;3;67
98343.81;4;67
98031.88;5;67
95357.06;6;67
94835.45;7;67
96874.48;8;67
95109.13;9;67
95461.75;10;67
104709.49;11;67
108033.68;12;67
530001.8099999999;1;123
482597.3;2;123
473672.98;3;123
466787.41000000015;4;123
421378.61;5;123
381808.08;6;123
362440.13;7;123
402778.65;8;123
405501.5;9;123
422698.4900000001;10;123
449827.0200000001;11;123
494668.11;12;123
14810.0;1;22
15416.0;2;22
14462.01;3;22
13088.01;4;22
13788.01;5;22
11582.63;6;22
12871.29;7;22
12245.0;8;22
11866.99;9;22
13726.0;10;22
12679.0;11;22
15832.0;12;22
12290.0;1;124
12389.0;2;124
12230.0;3;124
10988.0;4;124
11076.0;5;124
10824.0;6;124
10870.0;7;124
11929.0;8;124
12747.0;9;124
11135.5;10;124
12072.0;11;124
11925.0;12;124
49805.0;1;132
53547.0;2;132
47720.0;3;132
44546.0;4;132
47273.0;5;132
43881.0;6;132
43089.0;7;132
44211.0;8;132
45222.0;9;132
43193.0;10;132
46699.0;11;132
47913.0;12;132
68092.0;1;229
62733.0;2;229
60720.5;3;229
57231.0;4;229
50106.59;5;229
43777.0;6;229
44313.0;7;229
42174.0;8;229
45885.0;9;229
49787.0;10;229
54179.28;11;229
53685.0;12;229
6463.97;1;148
7714.02;2;148
7475.99;3;148
6804.96;4;148
5276.01;5;148
5295.0;6;148
5464.98;7;148
5442.99;8;148
4782.01;9;148
5435.99;10;148
5890.98;11;148
5635.99;12;148
86427.0;1;76
85819.0;2;76
85096.0;3;76
71692.0;4;76
67090.0;5;76
69919.0;6;76
64756.0;7;76
61262.0;8;76
68432.0;9;76
68233.0;10;76
66922.0;11;76
77616.0;12;76
412820.97;1;205
382709.57;2;205
404583.66;3;205
386025.91;4;205
415235.11;5;205
357427.1400000001;6;205
350063.0400000001;7;205
350786.87999999995;8;205
356305.84;9;205
388853.21;10;205
365341.94;11;205
399813.9900000001;12;205
89477.08;1;197
111488.88;2;197
105548.42;3;197
104087.36;4;197
93010.73;5;197
92129.66;6;197
93977.35;7;197
91496.73;8;197
90242.02;9;197
98196.39;10;197
107172.35;11;197
112153.16;12;197
9399.0;1;161
8387.0;2;161
8713.0;3;161
6594.0;4;161
6914.0;5;161
6569.0;6;161
6412.0;7;161
6108.0;8;161
6175.0;9;161
6304.0;10;161
6492.0;11;161
8250.0;12;161
26386.0;1;214
27406.46;2;214
28939.63;3;214
25777.0;4;214
23763.83;5;214
23429.47;6;214
19577.96;7;214
18825.39;8;214
21433.050000000003;9;214
22160.0;10;214
21545.02;11;214
25262.59;12;214
147188.08000000002;1;6
148986.91;2;6
147491.89;3;6
130899.97;4;6
132241.03999999998;5;6
128375.77000000002;6;6
131466.25;7;6
127676.63;8;6
120999.09;9;6
130788.97;10;6
134814.97;11;6
135096.99;12;6
45659.0;1;199
45578.0;2;199
42597.0;3;199
38329.0;4;199
35725.0;5;199
40515.0;6;199
34647.0;7;199
36695.0;8;199
40242.0;9;199
41557.0;10;199
47024.0;11;199
45403.0;12;199
18465.0;1;8
17122.0;2;8
17993.0;3;8
15583.0;4;8
14752.0;5;8
14487.0;6;8
14601.0;7;8
14319.0;8;8
13309.0;9;8
14416.5;10;8
14124.0;11;8
16221.0;12;8
942064.88;1;130
930280.79;2;130
908977.22;3;130
884628.37;4;130
855292.61;5;130
794029.2100000002;6;130
769641.9400000002;7;130
733814.2699999999;8;130
778077.05;9;130
852216.99;10;130
813388.93;11;130
932415.73;12;130
168723.13999999998;1;107
172197.09999999998;2;107
178115.66;3;107
163094.31;4;107
160870.59;5;107
149234.94999999998;6;107
147497.54;7;107
141076.57;8;107
146983.43;9;107
161989.45;10;107
157128.91;11;107
163050.58000000002;12;107
20309.0;1;175
21599.0;2;175
20678.0;3;175
19020.0;4;175
19360.0;5;175
18208.0;6;175
17954.0;7;175
17753.0;8;175
16412.0;9;175
17740.0;10;175
19048.0;11;175
20359.0;12;175
126372.32;1;34
113238.7;2;34
113066.85;3;34
103831.22999999998;4;34
93970.22;5;34
89367.57999999999;6;34
87114.3;7;34
83758.68;8;34
83039.74;9;34
97326.02;10;34
109901.56;11;34
112158.01;12;34
28361.01;1;156
32609.99;2;156
29328.0;3;156
29670.0;4;156
28030.01;5;156
23697.26;6;156
22934.99;7;156
22364.01;8;156
23378.99;9;156
25648.01;10;156
25970.0;11;156
29610.01;12;156
26219.0;1;46
40601.01;2;46
39727.0;3;46
27901.0;4;46
25461.0;5;46
20972.05;6;46
19952.14;7;46
20598.0;8;46
20722.0;9;46
22525.01;10;46
25597.0;11;46
24680.02;12;46
34154.28;1;62
34441.03;2;62
34408.59;3;62
33071.4;4;62
34146.21;5;62
29917.93;6;62
29207.87;7;62
27932.64;8;62
28849.79;9;62
33560.15;10;62
33319.84;11;62
34544.01;12;62
18244.0;1;192
17023.0;2;192
16308.0;3;192
13614.0;4;192
12959.0;5;192
12650.0;6;192
11637.0;7;192
13796.0;8;192
13624.0;9;192
14168.0;10;192
17382.0;11;192
17791.0;12;192
51907.97;1;106
55784.05;2;106
55171.07;3;106
53908.54;4;106
53276.07;5;106
43110.05;6;106
42672.990000000005;7;106
40531.02;8;106
42581.0;9;106
47941.11;10;106
52193.3;11;106
50480.27;12;106
80465.01;1;104
84984.01;2;104
85142.0;3;104
76087.0;4;104
74066.97;5;104
67747.0;6;104
65151.04;7;104
67071.97;8;104
65972.0;9;104
73368.98;10;104
69776.97;11;104
78185.02;12;104
39948.0;1;190
40505.48;2;190
39331.76;3;190
37977.5;4;190
36987.62;5;190
35564.0;6;190
30774.68;7;190
32162.0;8;190
33300.5;9;190
35067.380000000005;10;190
33469.630000000005;11;190
37329.75;12;190
23119.0;1;216
23041.0;2;216
23979.0;3;216
18237.0;4;216
18866.0;5;216
19082.0;6;216
18694.0;7;216
15578.0;8;216
17643.0;9;216
18741.0;10;216
19663.0;11;216
20257.0;12;216
1405212.42;1;85
1327529.7499999998;2;85
1360696.7;3;85
1188142.9;4;85
965724.11;5;85
851827.1199999999;6;85
769206.7800000001;7;85
715943.0200000001;8;85
787254.27;9;85
931425.15;10;85
1158669.38;11;85
1385389.59;12;85
130044.08000000002;1;117
140360.82;2;117
136160.11000000002;3;117
119523.80000000002;4;117
107106.43;5;117
102971.68;6;117
99389.89;7;117
98569.77;8;117
105430.97000000002;9;117
106189.63000000002;10;117
108596.85000000002;11;117
112704.79;12;117
1419176.64;1;212
1437813.35;2;212
1388012.55;3;212
1378369.89;4;212
1303616.16;5;212
1194311.71;6;212
1128393.23;7;212
1087637.9699999995;8;212
1102758.62;9;212
1238704.38;10;212
1320622.95;11;212
1418094.32;12;212
109888.25;1;129
118895.41999999998;2;129
111344.71;3;129
108603.7;4;129
105720.72;5;129
92525.63;6;129
87693.65;7;129
83783.04;8;129
87028.99;9;129
94173.0;10;129
102785.96;11;129
111042.3;12;129
53269.0;1;71
54345.0;2;71
50679.0;3;71
44505.0;4;71
44801.0;5;71
43296.0;6;71
41782.0;7;71
44590.0;8;71
43361.0;9;71
44189.0;10;71
53000.0;11;71
51503.0;12;71
21096.0;1;99
18238.0;2;99
20486.0;3;99
17362.0;4;99
17533.0;5;99
15043.0;6;99
16415.0;7;99
14276.0;8;99
15248.0;9;99
17367.0;10;99
16160.0;11;99
18708.0;12;99
18044.13;1;176
19739.0;2;176
19730.0;3;176
18035.0;4;176
16557.0;5;176
15044.0;6;176
14886.0;7;176
14592.01;8;176
14993.0;9;176
16120.0;10;176
18349.0;11;176
18207.0;12;176
10689.99;1;200
11409.01;2;200
12073.0;3;200
9479.99;4;200
8734.99;5;200
8407.99;6;200
10237.01;7;200
8742.99;8;200
7666.0;9;200
8511.99;10;200
8148.99;11;200
9531.99;12;200
9361.0;1;137
9260.0;2;137
8570.0;3;137
7735.0;4;137
7758.0;5;137
6597.0;6;137
6744.0;7;137
6039.0;8;137
6616.0;9;137
8074.0;10;137
7328.0;11;137
9259.0;12;137
57207.920000000006;1;144
55642.02;2;144
54469.030000000006;3;144
48603.94;4;144
49642.030000000006;5;144
47218.03;6;144
45148.03;7;144
47225.490000000005;8;144
43630.98;9;144
46242.61;10;144
47877.89;11;144
50766.09;12;144
128758.48;1;174
123705.28;2;174
125452.97;3;174
119549.41999999998;4;174
108520.45;5;174
105442.02000000003;6;174
100542.8;7;174
96000.97;8;174
100151.37;9;174
107283.2;10;174
108894.09;11;174
113421.36000000002;12;174
356898.10000000003;1;4
349614.37;2;4
355621.79000000004;3;4
347565.77;4;4
324567.67;5;4
287222.21;6;4
280152.81000000006;7;4
269758.01000000007;8;4
276105.80000000005;9;4
295077.9199999999;10;4
326248.53;11;4
350760.24000000005;12;4
189723.92;1;116
190936.05;2;116
181235.16;3;116
177467.07;4;116
165210.52;5;116
154992.22999999998;6;116
149314.27;7;116
145149.49000000002;8;116
148833.19;9;116
166324.52000000002;10;116
173822.24;11;116
188498.94000000003;12;116
829041.88;1;32
828747.7000000001;2;32
791362.49;3;32
754730.0800000001;4;32
741198.92;5;32
695903.0499999999;6;32
668762.0700000001;7;32
662785.21;8;32
684057.3099999999;9;32
718519.6100000001;10;32
717407.7100000001;11;32
829567.07;12;32
46094.0;1;14
43307.0;2;14
42639.0;3;14
41103.0;4;14
42972.0;5;14
40702.0;6;14
40189.0;7;14
36968.0;8;14
39422.0;9;14
41489.0;10;14
39358.0;11;14
43171.0;12;14
22744.0;1;114
21798.0;2;114
22489.0;3;114
17621.0;4;114
18289.0;5;114
18605.0;6;114
17758.0;7;114
16354.0;8;114
16110.0;9;114
20628.0;10;114
18434.0;11;114
22164.72;12;114
127432.46;1;95
125362.24;2;95
123497.15;3;95
121425.31;4;95
116612.81;5;95
105586.16;6;95
105100.79;7;95
100738.06;8;95
104320.66;9;95
115731.03;10;95
121633.38;11;95
126983.37000000002;12;95
51346.02;1;36
48648.76000000001;2;36
44597.41;3;36
46304.63;4;36
43096.97;5;36
38692.03;6;36
35778.54;7;36
34680.78;8;36
36025.46;9;36
39527.41;10;36
38586.12;11;36
44963.6;12;36
33887.0;1;202
36032.0;2;202
34702.0;3;202
30160.0;4;202
28960.0;5;202
29793.0;6;202
28263.0;7;202
27628.0;8;202
26769.0;9;202
29634.0;10;202
28256.0;11;202
30935.0;12;202
3096772.62;1;96
2906687.77;2;96
2762927.8000000007;3;96
2872219.77;4;96
2723100.02;5;96
2611505.850000001;6;96
2480070.79;7;96
2479874.3800000004;8;96
2544540.53;9;96
2597581.2800000007;10;96
2747143.26;11;96
2936803.61;12;96
42659.96;1;193
44622.93;2;193
44037.96;3;193
37328.98;4;193
36621.99;5;193
37299.92;6;193
35479.990000000005;7;193
35134.93;8;193
33561.990000000005;9;193
37784.4;10;193
36324.0;11;193
39485.95;12;193
15783.0;1;43
16357.0;2;43
14977.0;3;43
13218.0;4;43
12210.0;5;43
15025.0;6;43
13617.0;7;43
14362.0;8;43
12321.0;9;43
12774.0;10;43
13700.0;11;43
14515.0;12;43
1204628.6800000002;1;146
1155660.65;2;146
1147024.12;3;146
1143732.1;4;146
1090633.82;5;146
1078279.98;6;146
1043521.31;7;146
1016298.71;8;146
1062427.03;9;146
1066645.9;10;146
1125526.17;11;146
1151575.59;12;146
111403.0;1;136
112517.11;2;136
106628.75;3;136
101617.8;4;136
99564.06;5;136
93502.52;6;136
90854.04;7;136
88097.01000000001;8;136
86717.09;9;136
100004.07;10;136
94594.16;11;136
104738.44;12;136
16469.11;1;40
18087.82;2;40
15359.88;3;40
14215.7;4;40
12232.03;5;40
12874.19;6;40
13165.13;7;40
11931.27;8;40
12757.05;9;40
13557.98;10;40
14444.87;11;40
14945.67;12;40
125106.21;1;86
151254.05;2;86
147309.92;3;86
107545.77;4;86
100780.36;5;86
89348.26999999999;6;86
86559.83000000002;7;86
89573.34;8;86
88324.29;9;86
92674.71;10;86
96275.87;11;86
98656.75;12;86
84109.5;1;112
77853.57;2;112
80190.34;3;112
75636.84000000001;4;112
66241.20000000001;5;112
59144.72;6;112
60246.32;7;112
61046.380000000005;8;112
68020.87;9;112
66468.17;10;112
73261.05;11;112
83108.63;12;112
29425.0;1;213
27812.0;2;213
27880.0;3;213
25391.0;4;213
22704.0;5;213
21907.0;6;213
19615.0;7;213
19726.0;8;213
21250.0;9;213
22985.0;10;213
25686.0;11;213
28229.0;12;213
37604.0;1;149
38410.0;2;149
37235.0;3;149
36722.0;4;149
34625.0;5;149
32192.0;6;149
31540.0;7;149
30088.0;8;149
31169.0;9;149
33469.0;10;149
35669.0;11;149
37740.0;12;149
31567.0;1;91
31572.0;2;91
32526.0;3;91
29183.0;4;91
26869.0;5;91
27963.0;6;91
26375.0;7;91
25281.0;8;91
26923.0;9;91
27095.0;10;91
25445.0;11;91
28847.0;12;91
23151.0;1;66
22115.0;2;66
22206.0;3;66
21524.0;4;66
21177.0;5;66
19698.94;6;66
18873.31;7;66
17950.0;8;66
18003.0;9;66
21232.0;10;66
21470.0;11;66
22668.0;12;66
496749.77;1;39
471384.94;2;39
481281.33;3;39
458580.04;4;39
463476.5;5;39
426983.52;6;39
424371.16;7;39
372851.45000000007;8;39
417116.65;9;39
444829.8900000001;10;39
456232.37000000005;11;39
477001.37;12;39
93852.31;1;88
104776.96;2;88
99905.44;3;88
88090.32999999999;4;88
73142.12;5;88
73776.65;6;88
73479.01000000001;7;88
76014.20999999999;8;88
69418.65;9;88
75404.42000000001;10;88
78284.48000000001;11;88
79159.82999999999;12;88
43266.0;1;100
42942.02;2;100
40806.0;3;100
38401.0;4;100
36661.0;5;100
34787.0;6;100
33309.0;7;100
32622.0;8;100
32739.0;9;100
38952.0;10;100
40133.0;11;100
43447.0;12;100
1465507.0;1;194
1435703.0;2;194
1327925.0;3;194
1212797.0;4;194
1249321.0;5;194
1212016.0;6;194
1199912.0;7;194
1187325.0;8;194
1220751.0;9;194
1235968.0;10;194
1268200.0;11;194
1386303.0;12;194
442219.56000000006;1;87
461370.46;2;87
424849.29;3;87
431850.82;4;87
398909.98;5;87
347375.84;6;87
347534.56000000006;7;87
328418.24;8;87
348209.31000000006;9;87
372121.34;10;87
375450.83;11;87
428039.35;12;87
57476.02;1;84
59160.16;2;84
54876.94;3;84
44888.2;4;84
43628.030000000006;5;84
40038.16;6;84
35495.09;7;84
34807.04;8;84
36647.81;9;84
46387.02;10;84
41453.12;11;84
51990.95;12;84
81178.0;1;111
81332.0;2;111
78618.0;3;111
76680.0;4;111
74259.0;5;111
69495.0;6;111
64244.0;7;111
63629.0;8;111
65224.0;9;111
72107.00000000001;10;111
71716.0;11;111
75228.0;12;111
139773.82;1;162
150229.09;2;162
144523.44;3;162
140361.87;4;162
135634.82;5;162
128483.22;6;162
124414.21000000002;7;162
124259.11;8;162
124233.49;9;162
135858.72;10;162
136236.8;11;162
139912.13999999998;12;162
12318.0;1;97
13846.0;2;97
13035.0;3;97
13217.0;4;97
11719.0;5;97
11563.0;6;97
10203.0;7;97
10148.0;8;97
11260.0;9;97
11084.0;10;97
11860.0;11;97
11684.0;12;97
50125.97;1;3
48318.0;2;3
43981.0;3;3
46830.17;4;3
45247.7;5;3
31114.97;6;3
43759.01;7;3
35354.12;8;3
37017.13;9;3
46365.04000000001;10;3
44343.99;11;3
50999.01000000001;12;3
12269.0;1;98
18525.0;2;98
13715.0;3;98
9809.0;4;98
9623.0;5;98
10107.0;6;98
9954.0;7;98
9447.0;8;98
8835.0;9;98
10037.0;10;98
10260.0;11;98
10831.31;12;98
678845.4300000002;1;93
647511.7899999999;2;93
629433.94;3;93
605730.7900000002;4;93
565937.8000000002;5;93
541741.9300000002;6;93
542033.1400000001;7;93
518632.71;8;93
541462.6199999999;9;93
557144.2200000001;10;93
603003.23;11;93
634364.05;12;93
118625.0;1;179
121054.0;2;179
124565.0;3;179
105207.0;4;179
106472.0;5;179
103781.85;6;179
102704.0;7;179
98640.0;8;179
95965.0;9;179
104748.0;10;179
101856.0;11;179
109521.12;12;179
48725.9;1;181
47767.850000000006;2;181
47669.810000000005;3;181
45582.46000000001;4;181
43049.86;5;181
40770.22;6;181
36988.68;7;181
40924.81;8;181
41756.7;9;181
41149.00000000001;10;181
46208.72;11;181
46959.22;12;181
13292.0;1;47
14198.27;2;47
13847.01;3;47
14200.26;4;47
12605.0;5;47
11430.28;6;47
9804.0;7;47
11226.99;8;47
11307.28;9;47
11036.0;10;47
12435.99;11;47
12587.0;12;47
37497.0;1;92
37001.0;2;92
36317.0;3;92
31495.0;4;92
31048.0;5;92
32362.0;6;92
30530.0;7;92
30627.0;8;92
29283.99;9;92
35244.93;10;92
33166.990000000005;11;92
36169.93;12;92
43490.33;1;48
51822.89;2;48
45103.87;3;48
44703.19;4;48
45648.1;5;48
39051.32;6;48
36847.0;7;48
35252.42;8;48
37924.15;9;48
39242.9;10;48
42448.64;11;48
42806.76;12;48
29385.0;1;38
31310.0;2;38
26323.0;3;38
24064.0;4;38
26405.0;5;38
25184.0;6;38
23969.0;7;38
26182.0;8;38
26066.0;9;38
26689.0;10;38
29575.0;11;38
31230.0;12;38
17417.0;1;191
20024.0;2;191
20782.0;3;191
19103.0;4;191
16749.0;5;191
16076.0;6;191
14589.0;7;191
15254.0;8;191
16263.0;9;191
16162.0;10;191
17506.0;11;191
17691.0;12;191
753274.6599999999;1;89
734847.91;2;89
720951.44;3;89
735428.1599999999;4;89
703410.3300000001;5;89
623280.11;6;89
636707.7799999999;7;89
594285.74;8;89
601540.3400000001;9;89
663204.92;10;89
675200.02;11;89
717835.3200000001;12;89
